{"cameraMode":{"drawMode":0,"name":"Shaded","section":"Shading Mode"},"sceneLighting":false,"audioPlay":false,"sceneViewState":{"m_AlwaysRefresh":false,"showFog":true,"showSkybox":false,"showFlares":true,"showImageEffects":true,"showParticleSystems":true,"showVisualEffectGraphs":true,"m_FxEnabled":true},"in2DMode":false,"pivot":{"x":6.139999866485596,"y":-1.7881393432617188e-7,"z":1.4901161193847657e-8},"rotation":{"x":-0.057266946882009509,"y":-0.02036806382238865,"z":0.0011689215898513795,"w":-0.9981568455696106},"size":0.8902129530906677,"orthographic":false}